step,epoch,train_loss,train_perplexity,mode1_loss,mode1_ppl,mode2_loss,mode2_ppl,mode3_loss,mode3_ppl,mode4_loss,mode4_ppl,mode5_loss,mode5_ppl,learning_rate
10,1,,,,,,,,,,,,,5.2249999999999996e-05
20,1,,,,,,,,,,,,,5.449999999999998e-05
30,1,,,,,,,,,,,,,5.675e-05
40,1,,,,,,,,,,,,,5.900000000000001e-05
50,1,,,,,,,,,,,,,6.125000000000001e-05
60,1,,,,,,,,,,,,,6.350000000000001e-05
70,1,,,,,,,,,,,,,6.575000000000001e-05
80,1,,,,,,,,,,,,,6.800000000000003e-05
90,1,,,,,,,,,,,,,7.025000000000004e-05
100,1,,,,,,,,,,,,,7.250000000000001e-05
110,1,,,,,,,,,,,,,7.475000000000004e-05
120,1,,,,,,,,,,,,,7.700000000000001e-05
130,1,,,,,,,,,,,,,7.925000000000003e-05
140,1,,,,,,,,,,,,,8.150000000000006e-05
150,1,,,,,,,,,,,,,8.37500000000001e-05
160,1,,,,,,,,,,,,,8.60000000000001e-05
170,1,,,,,,,,,,,,,8.825000000000011e-05
180,1,,,,,,,,,,,,,9.050000000000011e-05
190,1,,,,,,,,,,,,,9.275000000000013e-05
200,1,,,,,,,,,,,,,9.50000000000001e-05
210,1,,,,,,,,,,,,,9.725000000000009e-05
220,1,,,,,,,,,,,,,9.950000000000009e-05
230,1,,,,,,,,,,,,,0.00010175000000000007
240,1,,,,,,,,,,,,,0.00010400000000000005
250,1,,,,,,,,,,,,,0.00010625000000000002
260,1,,,,,,,,,,,,,0.00010850000000000006
270,1,,,,,,,,,,,,,0.00011075000000000004
280,1,,,,,,,,,,,,,0.00011300000000000001
290,1,,,,,,,,,,,,,0.00011525000000000004
300,1,,,,,,,,,,,,,0.00011750000000000004
310,1,,,,,,,,,,,,,0.00011975000000000002
320,1,,,,,,,,,,,,,0.00012200000000000002
330,1,,,,,,,,,,,,,0.00012425000000000007
340,1,,,,,,,,,,,,,0.00012650000000000007
350,1,,,,,,,,,,,,,0.00012875000000000007
360,1,,,,,,,,,,,,,0.00013100000000000004
370,1,,,,,,,,,,,,,0.00013325000000000004
380,1,,,,,,,,,,,,,0.00013550000000000004
390,1,,,,,,,,,,,,,0.00013775000000000007
400,1,,,,,,,,,,,,,0.00014000000000000001
410,1,,,,,,,,,,,,,0.00014225000000000002
420,1,,,,,,,,,,,,,0.00014450000000000007
430,1,,,,,,,,,,,,,0.0001467500000000001
440,1,,,,,,,,,,,,,0.00014900000000000015
450,1,,,,,,,,,,,,,0.0001512500000000001
460,1,,,,,,,,,,,,,0.00015350000000000015
470,1,,,,,,,,,,,,,0.00015575000000000018
480,1,,,,,,,,,,,,,0.0001580000000000002
490,1,,,,,,,,,,,,,0.00016025000000000024
500,1,,,,,,,,,,,,,0.0001625000000000003
500,1,,,6.04197719813654,420.7240679005315,5.977585155612361,394.48659327409024,5.8218161717475185,337.5846088379336,6.132590096083593,460.62768689794535,6.060123204050692,428.42821769966474,0.0001625000000000003
510,1,,,,,,,,,,,,,0.0001647500000000003
520,1,,,,,,,,,,,,,0.0001670000000000003
530,1,,,,,,,,,,,,,0.00016925000000000027
540,1,,,,,,,,,,,,,0.00017150000000000027
550,1,,,,,,,,,,,,,0.00017375000000000027
560,1,,,,,,,,,,,,,0.00017600000000000027
570,1,,,,,,,,,,,,,0.00017825000000000024
580,1,,,,,,,,,,,,,0.0001805000000000003
590,1,,,,,,,,,,,,,0.00018275000000000032
600,1,,,,,,,,,,,,,0.00018500000000000043
610,1,,,,,,,,,,,,,0.0001872500000000004
620,1,,,,,,,,,,,,,0.00018950000000000043
630,1,,,,,,,,,,,,,0.00019175000000000046
640,1,,,,,,,,,,,,,0.00019400000000000046
650,1,,,,,,,,,,,,,0.00019625000000000054
660,1,,,,,,,,,,,,,0.00019850000000000054
670,1,,,,,,,,,,,,,0.00020075000000000062
680,1,,,,,,,,,,,,,0.0002030000000000006
690,1,,,,,,,,,,,,,0.00020525000000000063
700,1,,,,,,,,,,,,,0.00020750000000000063
710,1,,,,,,,,,,,,,0.0002097500000000006
720,1,,,,,,,,,,,,,0.00021200000000000065
730,1,,,,,,,,,,,,,0.0002142500000000007
740,1,,,,,,,,,,,,,0.00021650000000000074
750,1,,,,,,,,,,,,,0.00021875000000000082
760,1,,,,,,,,,,,,,0.00022100000000000076
770,1,,,,,,,,,,,,,0.00022325000000000074
780,1,,,,,,,,,,,,,0.00022550000000000074
790,1,,,,,,,,,,,,,0.0002277500000000007
800,1,,,,,,,,,,,,,0.00023000000000000068
810,1,,,,,,,,,,,,,0.00023225000000000074
820,1,,,,,,,,,,,,,0.0002345000000000007
830,1,,,,,,,,,,,,,0.0002367500000000007
840,1,,,,,,,,,,,,,0.0002390000000000006
850,1,,,,,,,,,,,,,0.0002412500000000006
860,1,,,,,,,,,,,,,0.0002435000000000006
870,1,,,,,,,,,,,,,0.00024575000000000063
880,1,,,,,,,,,,,,,0.0002480000000000006
890,1,,,,,,,,,,,,,0.00025025000000000063
900,1,,,,,,,,,,,,,0.00025250000000000045
910,1,,,,,,,,,,,,,0.0002547500000000004
920,1,,,,,,,,,,,,,0.0002570000000000005
930,1,,,,,,,,,,,,,0.00025925000000000053
940,1,,,,,,,,,,,,,0.00026150000000000066
950,1,,,,,,,,,,,,,0.00026375000000000064
960,1,,,,,,,,,,,,,0.0002660000000000007
970,1,,,,,,,,,,,,,0.0002682500000000007
980,1,,,,,,,,,,,,,0.00027050000000000067
990,1,,,,,,,,,,,,,0.00027275000000000064
1000,1,,,,,,,,,,,,,0.0002750000000000006
1000,1,,,5.804846190312136,331.90413934527425,5.611775816835287,273.6297230797696,5.273658783349483,195.1285912138194,5.866590379877778,353.0431826404618,5.813991361977835,334.95338134520824,0.0002750000000000006
1010,1,,,,,,,,,,,,,0.0002772500000000007
1020,1,,,,,,,,,,,,,0.0002795000000000007
1030,1,,,,,,,,,,,,,0.0002817500000000007
1040,1,,,,,,,,,,,,,0.0002840000000000007
1050,1,,,,,,,,,,,,,0.00028625000000000064
1060,1,,,,,,,,,,,,,0.0002885000000000005
1070,1,,,,,,,,,,,,,0.0002907500000000004
1080,1,,,,,,,,,,,,,0.0002930000000000004
1090,1,,,,,,,,,,,,,0.00029525000000000026
1100,1,,,,,,,,,,,,,0.0002975000000000003
1110,1,,,,,,,,,,,,,0.00029975000000000027
1120,1,,,,,,,,,,,,,0.00030200000000000035
1130,1,,,,,,,,,,,,,0.0003042500000000003
1140,1,,,,,,,,,,,,,0.00030650000000000024
1150,1,,,,,,,,,,,,,0.00030875000000000027
1160,1,,,,,,,,,,,,,0.00031100000000000024
1170,1,,,,,,,,,,,,,0.0003132500000000004
1180,1,,,,,,,,,,,,,0.0003155000000000002
1190,1,,,,,,,,,,,,,0.0003177500000000002
1200,1,,,,,,,,,,,,,0.00032000000000000013
1210,1,,,,,,,,,,,,,0.00032225000000000016
1220,1,,,,,,,,,,,,,0.00032450000000000024
1230,1,,,,,,,,,,,,,0.0003267500000000003
1240,1,,,,,,,,,,,,,0.00032900000000000035
1250,1,,,,,,,,,,,,,0.00033125000000000027
1260,1,,,,,,,,,,,,,0.0003335000000000002
1270,1,,,,,,,,,,,,,0.00033575000000000017
1280,1,,,,,,,,,,,,,0.0003380000000000003
1290,1,,,,,,,,,,,,,0.0003402500000000002
1300,1,,,,,,,,,,,,,0.0003425000000000003
1310,1,,,,,,,,,,,,,0.0003447500000000002
1320,1,,,,,,,,,,,,,0.0003470000000000002
1330,1,,,,,,,,,,,,,0.00034925000000000017
1340,1,,,,,,,,,,,,,0.00035150000000000014
1350,1,,,,,,,,,,,,,0.00035375000000000017
1360,1,,,,,,,,,,,,,0.00035600000000000003
1370,1,,,,,,,,,,,,,0.00035824999999999995
1380,1,,,,,,,,,,,,,0.00036050000000000003
1390,1,,,,,,,,,,,,,0.00036274999999999995
1400,1,,,,,,,,,,,,,0.000365
1410,1,,,,,,,,,,,,,0.00036725000000000006
1420,1,,,,,,,,,,,,,0.0003695
1430,1,,,,,,,,,,,,,0.00037175
1440,1,,,,,,,,,,,,,0.000374
1450,1,,,,,,,,,,,,,0.0003762499999999999
1460,1,,,,,,,,,,,,,0.00037849999999999993
1470,1,,,,,,,,,,,,,0.0003807499999999999
1480,1,,,,,,,,,,,,,0.0003829999999999999
1490,1,,,,,,,,,,,,,0.0003852499999999997
1500,1,,,,,,,,,,,,,0.0003874999999999997
1500,1,,,5.73077157890646,308.20698266460056,5.642620953427113,282.2013867365776,5.0964860688551035,163.44655707395583,5.785229521868234,325.45673097763404,5.736877121806858,310.0945099453099,0.0003874999999999997
1510,1,,,,,,,,,,,,,0.0003897499999999996
1520,1,,,,,,,,,,,,,0.0003919999999999996
1530,1,,,,,,,,,,,,,0.00039424999999999947
1540,1,,,,,,,,,,,,,0.00039649999999999934
1550,1,,,,,,,,,,,,,0.0003987499999999992
1560,1,,,,,,,,,,,,,0.000400999999999999
1570,2,,,,,,,,,,,,,0.0004032499999999991
1580,2,,,,,,,,,,,,,0.0004054999999999991
1590,2,,,,,,,,,,,,,0.00040774999999999904
1600,2,,,,,,,,,,,,,0.00040999999999999896
1610,2,,,,,,,,,,,,,0.00041224999999999877
1620,2,,,,,,,,,,,,,0.0004144999999999988
1630,2,,,,,,,,,,,,,0.00041674999999999866
1640,2,,,,,,,,,,,,,0.00041899999999999864
1650,2,,,,,,,,,,,,,0.0004212499999999986
1660,2,,,,,,,,,,,,,0.0004234999999999987
1670,2,,,,,,,,,,,,,0.00042574999999999856
1680,2,,,,,,,,,,,,,0.0004279999999999985
1690,2,,,,,,,,,,,,,0.0004302499999999985
1700,2,,,,,,,,,,,,,0.0004324999999999985
1710,2,,,,,,,,,,,,,0.0004347499999999984
1720,2,,,,,,,,,,,,,0.00043699999999999837
1730,2,,,,,,,,,,,,,0.0004392499999999982
1740,2,,,,,,,,,,,,,0.0004414999999999981
1750,2,,,,,,,,,,,,,0.00044374999999999813
1760,2,,,,,,,,,,,,,0.00044599999999999805
1770,2,,,,,,,,,,,,,0.00044824999999999813
1780,2,,,,,,,,,,,,,0.000450499999999998
1790,2,,,,,,,,,,,,,0.00045274999999999786
1800,2,,,,,,,,,,,,,0.0004549999999999977
1810,2,,,,,,,,,,,,,0.00045724999999999775
1820,2,,,,,,,,,,,,,0.00045949999999999767
1830,2,,,,,,,,,,,,,0.0004617499999999976
1840,2,,,,,,,,,,,,,0.00046399999999999767
1850,2,,,,,,,,,,,,,0.0004662499999999976
1860,2,,,,,,,,,,,,,0.0004684999999999975
1870,2,,,,,,,,,,,,,0.00047074999999999754
1880,2,,,,,,,,,,,,,0.00047299999999999735
1890,2,,,,,,,,,,,,,0.0004752499999999973
1900,2,,,,,,,,,,,,,0.00047749999999999724
1910,2,,,,,,,,,,,,,0.0004797499999999971
1920,2,,,,,,,,,,,,,0.00048199999999999713
1930,2,,,,,,,,,,,,,0.00048424999999999716
1940,2,,,,,,,,,,,,,0.00048649999999999735
1950,2,,,,,,,,,,,,,0.0004887499999999973
1960,2,,,,,,,,,,,,,0.0004909999999999973
1970,2,,,,,,,,,,,,,0.0004932499999999972
1980,2,,,,,,,,,,,,,0.0004954999999999969
1990,2,,,,,,,,,,,,,0.0004977499999999969
2000,2,,,,,,,,,,,,,0.0005
2000,2,,,5.856363035118087,349.45088941950684,5.80659359867532,332.48461843344364,5.229569936347336,186.71248799642655,5.9294204313578645,375.9365696268407,5.868774640468425,353.8151637481288,0.0005
2010,2,,,,,,,,,,,,,0.0004999967107343864
2020,2,,,,,,,,,,,,,0.0004999868430337164
2030,2,,,,,,,,,,,,,0.0004999703971865013
2040,2,,,,,,,,,,,,,0.0004999473736735835
2050,2,,,,,,,,,,,,,0.0004999177731681226
2060,2,,,,,,,,,,,,,0.0004998815965355755
2070,2,,,,,,,,,,,,,0.0004998388448336722
2080,2,,,,,,,,,,,,,0.0004997895193123828
2090,2,,,,,,,,,,,,,0.0004997336214138827
2100,2,,,,,,,,,,,,,0.0004996711527725106
2110,2,,,,,,,,,,,,,0.0004996021152147188
2120,2,,,,,,,,,,,,,0.0004995265107590219
2130,2,,,,,,,,,,,,,0.0004994443416159369
2140,2,,,,,,,,,,,,,0.0004993556101879177
2150,2,,,,,,,,,,,,,0.0004992603190692869
2160,2,,,,,,,,,,,,,0.0004991584710461582
2170,2,,,,,,,,,,,,,0.0004990500690963556
2180,2,,,,,,,,,,,,,0.0004989351163893261
2190,2,,,,,,,,,,,,,0.0004988136162860478
2200,2,,,,,,,,,,,,,0.0004986855723389297
2210,2,,,,,,,,,,,,,0.000498550988291711
2220,2,,,,,,,,,,,,,0.0004984098680793484
2230,2,,,,,,,,,,,,,0.0004982622158279029
2240,2,,,,,,,,,,,,,0.0004981080358544186
2250,2,,,,,,,,,,,,,0.0004979473326667972
2260,2,,,,,,,,,,,,,0.0004977801109636645
2270,2,,,,,,,,,,,,,0.0004976063756342351
2280,2,,,,,,,,,,,,,0.0004974261317581679
2290,2,,,,,,,,,,,,,0.0004972393846054181
2300,2,,,,,,,,,,,,,0.0004970461396360837
2310,2,,,,,,,,,,,,,0.0004968464025002449
2320,2,,,,,,,,,,,,,0.0004966401790377994
2330,2,,,,,,,,,,,,,0.0004964274752782916
2340,2,,,,,,,,,,,,,0.0004962082974407364
2350,2,,,,,,,,,,,,,0.0004959826519334369
2360,2,,,,,,,,,,,,,0.0004957505453537975
2370,2,,,,,,,,,,,,,0.0004955119844881312
2380,2,,,,,,,,,,,,,0.0004952669763114611
2390,2,,,,,,,,,,,,,0.0004950155279873152
2400,2,,,,,,,,,,,,,0.0004947576468675192
2410,2,,,,,,,,,,,,,0.0004944933404919789
2420,2,,,,,,,,,,,,,0.0004942226165884628
2430,2,,,,,,,,,,,,,0.0004939454830723734
2440,2,,,,,,,,,,,,,0.0004936619480465179
2450,2,,,,,,,,,,,,,0.0004933720198008689
2460,2,,,,,,,,,,,,,0.0004930757068123248
2470,2,,,,,,,,,,,,,0.0004927730177444597
2480,2,,,,,,,,,,,,,0.0004924639614472718
2490,2,,,,,,,,,,,,,0.000492148546956923
2500,2,,,,,,,,,,,,,0.0004918267834954759
2500,2,,,6.204618772127364,495.03020065279827,6.120336657950422,455.0178540950458,4.951689076540205,141.41362073917665,6.314102060231996,552.3059004318352,6.207028860877325,496.2247062243094,0.0004918267834954759
2510,2,,,,,,,,,,,,,0.0004914986804706238
2520,2,,,,,,,,,,,,,0.0004911642474754155
2530,2,,,,,,,,,,,,,0.000490823494287975
2540,2,,,,,,,,,,,,,0.0004904764308712155
2550,2,,,,,,,,,,,,,0.0004901230673725484
2560,2,,,,,,,,,,,,,0.0004897634141235861
2570,2,,,,,,,,,,,,,0.0004893974816398402
2580,2,,,,,,,,,,,,,0.0004890252806204144
2590,2,,,,,,,,,,,,,0.0004886468219476908
2600,2,,,,,,,,,,,,,0.00048826211668701253
2610,2,,,,,,,,,,,,,0.00048787117608636025
2620,2,,,,,,,,,,,,,0.0004874740115760223
2630,2,,,,,,,,,,,,,0.0004870706347682616
2640,2,,,,,,,,,,,,,0.0004866610574569755
2650,2,,,,,,,,,,,,,0.00048624529161735115
2660,2,,,,,,,,,,,,,0.0004858233494055157
2670,2,,,,,,,,,,,,,0.0004853952431581801
2680,2,,,,,,,,,,,,,0.0004849609853922792
2690,2,,,,,,,,,,,,,0.00048452058880460544
2700,2,,,,,,,,,,,,,0.00048407406627143753
2710,2,,,,,,,,,,,,,0.0004836214308481638
2720,2,,,,,,,,,,,,,0.0004831626957689011
2730,2,,,,,,,,,,,,,0.0004826978744461073
2740,2,,,,,,,,,,,,,0.00048222698047018967
2750,2,,,,,,,,,,,,,0.0004817500276091068
2760,2,,,,,,,,,,,,,0.0004812670298079669
2770,2,,,,,,,,,,,,,0.00048077800118861925
2780,2,,,,,,,,,,,,,0.0004802829560492416
2790,2,,,,,,,,,,,,,0.0004797819088639228
2800,2,,,,,,,,,,,,,0.00047927487428223864
2810,2,,,,,,,,,,,,,0.00047876186712882346
2820,2,,,,,,,,,,,,,0.000478242902402938
2830,2,,,,,,,,,,,,,0.0004777179952780295
2840,2,,,,,,,,,,,,,0.0004771871611012888
2850,2,,,,,,,,,,,,,0.000476650415393201
2860,2,,,,,,,,,,,,,0.00047610777384709255
2870,2,,,,,,,,,,,,,0.00047555925232867154
2880,2,,,,,,,,,,,,,0.0004750048668755645
2890,2,,,,,,,,,,,,,0.00047444463369684714
2900,2,,,,,,,,,,,,,0.00047387856917257025
2910,2,,,,,,,,,,,,,0.00047330668985328116
2920,2,,,,,,,,,,,,,0.00047272901245953993
2930,2,,,,,,,,,,,,,0.00047214555388142953
2940,2,,,,,,,,,,,,,0.00047155633117806347
2950,2,,,,,,,,,,,,,0.00047096136157708603
2960,2,,,,,,,,,,,,,0.0004703606624741688
2970,2,,,,,,,,,,,,,0.00046975425143250173
2980,2,,,,,,,,,,,,,0.0004691421461822806
2990,2,,,,,,,,,,,,,0.0004685243646201875
3000,2,,,,,,,,,,,,,0.00046790092480886815
3000,2,,,6.485255893161244,655.4066568637921,6.343551511180665,568.8128736206829,5.0712754415600845,159.37747441926183,6.55382131950125,701.9213210731853,6.498977556871709,664.4619111000453,0.00046790092480886815
3010,2,,,,,,,,,,,,,0.00046727184497640385
3020,2,,,,,,,,,,,,,0.0004666371435157781
3030,2,,,,,,,,,,,,,0.00046599683898433946
3040,2,,,,,,,,,,,,,0.0004653509501032583
3050,2,,,,,,,,,,,,,0.0004646994957569798
3060,2,,,,,,,,,,,,,0.0004640424949926718
3070,2,,,,,,,,,,,,,0.0004633799670196678
3080,2,,,,,,,,,,,,,0.00046271193120890543
3090,2,,,,,,,,,,,,,0.00046203840709235994
3100,2,,,,,,,,,,,,,0.0004613594143624733
3110,2,,,,,,,,,,,,,0.0004606749728715784
3120,2,,,,,,,,,,,,,0.00045998510263131826
3130,3,,,,,,,,,,,,,0.0004592898238120614
3140,3,,,,,,,,,,,,,0.00045858915674231224
3150,3,,,,,,,,,,,,,0.0004578831219081158
3160,3,,,,,,,,,,,,,0.0004571717399524597
3170,3,,,,,,,,,,,,,0.00045645503167467024
3180,3,,,,,,,,,,,,,0.0004557330180298042
3190,3,,,,,,,,,,,,,0.0004550057201280363
3200,3,,,,,,,,,,,,,0.00045427315923404207
3210,3,,,,,,,,,,,,,0.00045353535676637564
3220,3,,,,,,,,,,,,,0.0004527923342968441
3230,3,,,,,,,,,,,,,0.00045204411354987634
3240,3,,,,,,,,,,,,,0.0004512907164018881
3250,3,,,,,,,,,,,,,0.00045053216488064247
3260,3,,,,,,,,,,,,,0.00044976848116460547
3270,3,,,,,,,,,,,,,0.0004489996875822979
3280,3,,,,,,,,,,,,,0.00044822580661164224
3290,3,,,,,,,,,,,,,0.00044744686087930594
3300,3,,,,,,,,,,,,,0.00044666287316003924
3310,3,,,,,,,,,,,,,0.0004458738663760096
3320,3,,,,,,,,,,,,,0.00044507986359613164
3330,3,,,,,,,,,,,,,0.00044428088803539226
3340,3,,,,,,,,,,,,,0.00044347696305417226
3350,3,,,,,,,,,,,,,0.0004426681121575634
3360,3,,,,,,,,,,,,,0.00044185435899468054
3370,3,,,,,,,,,,,,,0.00044103572735797067
3380,3,,,,,,,,,,,,,0.00044021224118251736
3390,3,,,,,,,,,,,,,0.00043938392454534084
3400,3,,,,,,,,,,,,,0.0004385508016646938
3410,3,,,,,,,,,,,,,0.00043771289689935344
3420,3,,,,,,,,,,,,,0.0004368702347479092
3430,3,,,,,,,,,,,,,0.000436022839848047
3440,3,,,,,,,,,,,,,0.0004351707369758282
3450,3,,,,,,,,,,,,,0.0004343139510449654
3460,3,,,,,,,,,,,,,0.0004334525071060941
3470,3,,,,,,,,,,,,,0.0004325864303460405
3480,3,,,,,,,,,,,,,0.0004317157460870846
3490,3,,,,,,,,,,,,,0.0004308404797862202
3500,3,,,,,,,,,,,,,0.0004299606570344101
3500,3,,,5.940737527449135,380.21524533515253,6.405010581839456,604.8681992628542,4.851019149941861,127.87064281929464,5.988075184233395,398.64654981275186,5.937671200866977,379.051166855922,0.0004299606570344101
3510,3,,,,,,,,,,,,,0.00042907630355583864
3520,3,,,,,,,,,,,,,0.00042818744520715897
3530,3,,,,,,,,,,,,,0.00042729410797673757
3540,3,,,,,,,,,,,,,0.00042639631798389356
3550,3,,,,,,,,,,,,,0.00042549410147813617
3560,3,,,,,,,,,,,,,0.000424587484838396
3570,3,,,,,,,,,,,,,0.00042367649457225495
3580,3,,,,,,,,,,,,,0.00042276115731517034
3590,3,,,,,,,,,,,,,0.00042184149982969624
3600,3,,,,,,,,,,,,,0.0004209175490047019
3610,3,,,,,,,,,,,,,0.00041998933185458435
3620,3,,,,,,,,,,,,,0.0004190568755184791
3630,3,,,,,,,,,,,,,0.0004181202072594666
3640,3,,,,,,,,,,,,,0.0004171793544637755
3650,3,,,,,,,,,,,,,0.0004162343446399812
3660,3,,,,,,,,,,,,,0.00041528520541820213
3670,3,,,,,,,,,,,,,0.00041433196454929166
3680,3,,,,,,,,,,,,,0.00041337464990402674
3690,3,,,,,,,,,,,,,0.000412413289472293
3700,3,,,,,,,,,,,,,0.0004114479113622668
3710,3,,,,,,,,,,,,,0.0004104785437995926
3720,3,,,,,,,,,,,,,0.00040950521512655834
3730,3,,,,,,,,,,,,,0.0004085279538012665
3740,3,,,,,,,,,,,,,0.0004075467883968023
3750,3,,,,,,,,,,,,,0.000406561747600398
3760,3,,,,,,,,,,,,,0.00040557286021259396
3770,3,,,,,,,,,,,,,0.0004045801551463973
3780,3,,,,,,,,,,,,,0.0004035836614264361
3790,3,,,,,,,,,,,,,0.0004025834081881102
3800,3,,,,,,,,,,,,,0.00040157942467674066
3810,3,,,,,,,,,,,,,0.0004005717402467135
3820,3,,,,,,,,,,,,,0.0003995603843606218
3830,3,,,,,,,,,,,,,0.00039854538658840494
3840,3,,,,,,,,,,,,,0.0003975267766064828
3850,3,,,,,,,,,,,,,0.0003965045841968892
3860,3,,,,,,,,,,,,,0.00039547883924640067
3870,3,,,,,,,,,,,,,0.00039444957174566205
3880,3,,,,,,,,,,,,,0.00039341681178831105
3890,3,,,,,,,,,,,,,0.0003923805895700972
3900,3,,,,,,,,,,,,,0.0003913409353879988
3910,3,,,,,,,,,,,,,0.0003902978796393385
3920,3,,,,,,,,,,,,,0.00038925145282089294
3930,3,,,,,,,,,,,,,0.0003882016855280024
3940,3,,,,,,,,,,,,,0.0003871486084536752
3950,3,,,,,,,,,,,,,0.00038609225238769125
3960,3,,,,,,,,,,,,,0.00038503264821570073
3970,3,,,,,,,,,,,,,0.0003839698269183222
3980,3,,,,,,,,,,,,,0.00038290381957023614
3990,3,,,,,,,,,,,,,0.0003818346573392764
4000,3,,,,,,,,,,,,,0.000380762371485519
4000,3,,,6.230283100715918,507.89924978589244,6.145017266165411,466.38770172077193,4.733828804565542,113.73018041791096,6.2528177216015495,519.4744989227635,6.220940634918709,503.1763146981867,0.000380762371485519
4010,3,,,,,,,,,,,,,0.00037968699336036826
4020,3,,,,,,,,,,,,,0.0003786085544056401
4030,3,,,,,,,,,,,,,0.0003775270861526428
4040,3,,,,,,,,,,,,,0.0003764426202212549
4050,3,,,,,,,,,,,,,0.00037535518831900065
4060,3,,,,,,,,,,,,,0.00037426482224012345
4070,3,,,,,,,,,,,,,0.0003731715538646557
4080,3,,,,,,,,,,,,,0.000372075415157487
4090,3,,,,,,,,,,,,,0.0003709764381674293
4100,3,,,,,,,,,,,,,0.00036987465502628014
4110,3,,,,,,,,,,,,,0.0003687700979478833
4120,3,,,,,,,,,,,,,0.0003676627992271862
4130,3,,,,,,,,,,,,,0.0003665527912392964
4140,3,,,,,,,,,,,,,0.00036544010643853504
4150,3,,,,,,,,,,,,,0.00036432477735748764
4160,3,,,,,,,,,,,,,0.00036320683660605264
4170,3,,,,,,,,,,,,,0.0003620863168704882
4180,3,,,,,,,,,,,,,0.00036096325091245716
4190,3,,,,,,,,,,,,,0.00035983767156806825
4200,3,,,,,,,,,,,,,0.0003587096117469164
4210,3,,,,,,,,,,,,,0.00035757910443112056
4220,3,,,,,,,,,,,,,0.0003564461826743592
4230,3,,,,,,,,,,,,,0.0003553108796009043
4240,3,,,,,,,,,,,,,0.00035417322840465223
4250,3,,,,,,,,,,,,,0.0003530332623481539
4260,3,,,,,,,,,,,,,0.0003518910147616417
4270,3,,,,,,,,,,,,,0.0003507465190420552
4280,3,,,,,,,,,,,,,0.00034959980865206477
4290,3,,,,,,,,,,,,,0.0003484509171190932
4300,3,,,,,,,,,,,,,0.00034729987803433526
4310,3,,,,,,,,,,,,,0.00034614672505177554
4320,3,,,,,,,,,,,,,0.00034499149188720485
4330,3,,,,,,,,,,,,,0.0003438342123172341
4340,3,,,,,,,,,,,,,0.00034267492017830666
4350,3,,,,,,,,,,,,,0.00034151364936570964
4360,3,,,,,,,,,,,,,0.0003403504338325819
4370,3,,,,,,,,,,,,,0.00033918530758892236
4380,3,,,,,,,,,,,,,0.0003380183047005947
4390,3,,,,,,,,,,,,,0.0003368494592883321
4400,3,,,,,,,,,,,,,0.0003356788055267391
4410,3,,,,,,,,,,,,,0.0003345063776432929
4420,3,,,,,,,,,,,,,0.000333332209917342
4430,3,,,,,,,,,,,,,0.00033215633667910436
4440,3,,,,,,,,,,,,,0.0003309787923086637
4450,3,,,,,,,,,,,,,0.0003297996112349642
4460,3,,,,,,,,,,,,,0.0003286188279348035
4470,3,,,,,,,,,,,,,0.00032743647693182526
4480,3,,,,,,,,,,,,,0.00032625259279550964
4490,3,,,,,,,,,,,,,0.000325067210140162
4500,3,,,,,,,,,,,,,0.00032388036362390163
4500,3,,,6.493280935770424,660.6874843030843,6.26559049975515,526.1521869829712,4.628684773112297,102.37932348367833,6.467525041257903,643.8881566719126,6.49471836243694,661.6378569931405,0.00032388036362390163
4510,3,,,,,,,,,,,,,0.0003226920879476479
4520,3,,,,,,,,,,,,,0.0003215024178541058
4530,3,,,,,,,,,,,,,0.00032031138812675046
4540,3,,,,,,,,,,,,,0.0003191190335888096
4550,3,,,,,,,,,,,,,0.00031792538910224564
4560,3,,,,,,,,,,,,,0.0003167304895667365
4570,3,,,,,,,,,,,,,0.00031553436991865535
4580,3,,,,,,,,,,,,,0.0003143370651300484
4590,3,,,,,,,,,,,,,0.0003131386102076133
4600,3,,,,,,,,,,,,,0.0003119390401916749
4610,3,,,,,,,,,,,,,0.0003107383901551614
4620,3,,,,,,,,,,,,,0.0003095366952025784
4630,3,,,,,,,,,,,,,0.0003083339904689827
4640,3,,,,,,,,,,,,,0.00030713031111895473
4650,3,,,,,,,,,,,,,0.00030592569234557103
4660,3,,,,,,,,,,,,,0.000304720169369375
4670,3,,,,,,,,,,,,,0.0003035137774373464
4680,3,,,,,,,,,,,,,0.00030230655182187223
4690,4,,,,,,,,,,,,,0.00030109852781971423
4700,4,,,,,,,,,,,,,0.00029988974075097723
4710,4,,,,,,,,,,,,,0.00029868022595807685
4720,4,,,,,,,,,,,,,0.00029747001880470566
4730,4,,,,,,,,,,,,,0.0002962591546747994
4740,4,,,,,,,,,,,,,0.00029504766897150254
4750,4,,,,,,,,,,,,,0.0002938355971161329
4760,4,,,,,,,,,,,,,0.0002926229745471465
4770,4,,,,,,,,,,,,,0.00029140983671910065
4780,4,,,,,,,,,,,,,0.0002901962191016178
4790,4,,,,,,,,,,,,,0.00028898215717834875
4800,4,,,,,,,,,,,,,0.0002877676864459349
4810,4,,,,,,,,,,,,,0.00028655284241296987
4820,4,,,,,,,,,,,,,0.0002853376605989623
4830,4,,,,,,,,,,,,,0.00028412217653329676
4840,4,,,,,,,,,,,,,0.0002829064257541949
4850,4,,,,,,,,,,,,,0.00028169044380767634
4860,4,,,,,,,,,,,,,0.0002804742662465199
4870,4,,,,,,,,,,,,,0.0002792579286292238
4880,4,,,,,,,,,,,,,0.0002780414665189657
4890,4,,,,,,,,,,,,,0.0002768249154825632
4900,4,,,,,,,,,,,,,0.00027560831108943416
4910,4,,,,,,,,,,,,,0.000274391688910556
4920,4,,,,,,,,,,,,,0.0002731750845174269
4930,4,,,,,,,,,,,,,0.00027195853348102437
4940,4,,,,,,,,,,,,,0.00027074207137076615
4950,4,,,,,,,,,,,,,0.0002695257337534699
4960,4,,,,,,,,,,,,,0.00026830955619231356
4970,4,,,,,,,,,,,,,0.0002670935742457951
4980,4,,,,,,,,,,,,,0.0002658778234666931
4990,4,,,,,,,,,,,,,0.0002646623394010275
5000,4,,,,,,,,,,,,,0.00026344715758702
5000,4,,,6.903009890441539,995.2658530267049,5.905088304950596,366.89962341012915,4.902206667981084,134.58643983680295,6.995936839872736,1092.186402363589,6.9060536485799044,998.299816549938,0.00026344715758702
5010,4,,,,,,,,,,,,,0.000262232313554055
5020,4,,,,,,,,,,,,,0.00026101784282164104
5030,4,,,,,,,,,,,,,0.000259803780898372
5040,4,,,,,,,,,,,,,0.0002585901632808893
5050,4,,,,,,,,,,,,,0.0002573770254528434
5060,4,,,,,,,,,,,,,0.0002561644028838569
5070,4,,,,,,,,,,,,,0.0002549523310284874
5080,4,,,,,,,,,,,,,0.0002537408453251906
5090,4,,,,,,,,,,,,,0.0002525299811952845
5100,4,,,,,,,,,,,,,0.0002513197740419134
5110,4,,,,,,,,,,,,,0.00025011025924901316
5120,4,,,,,,,,,,,,,0.00024890147218027637
5130,4,,,,,,,,,,,,,0.0002476934481781184
5140,4,,,,,,,,,,,,,0.0002464862225626443
5150,4,,,,,,,,,,,,,0.00024527983063061577
5160,4,,,,,,,,,,,,,0.00024407430765441957
5170,4,,,,,,,,,,,,,0.00024286968888103587
5180,4,,,,,,,,,,,,,0.00024166600953100787
5190,4,,,,,,,,,,,,,0.000240463304797412
5200,4,,,,,,,,,,,,,0.00023926160984482893
5210,4,,,,,,,,,,,,,0.00023806095980831543
5220,4,,,,,,,,,,,,,0.00023686138979237705
5230,4,,,,,,,,,,,,,0.0002356629348699419
5240,4,,,,,,,,,,,,,0.00023446563008133492
5250,4,,,,,,,,,,,,,0.0002332695104332536
5260,4,,,,,,,,,,,,,0.00023207461089774464
5270,4,,,,,,,,,,,,,0.00023088096641118077
5280,4,,,,,,,,,,,,,0.0002296886118732398
5290,4,,,,,,,,,,,,,0.00022849758214588443
5300,4,,,,,,,,,,,,,0.0002273079120523423
5310,4,,,,,,,,,,,,,0.00022611963637608854
5320,4,,,,,,,,,,,,,0.00022493278985982805
5330,4,,,,,,,,,,,,,0.00022374740720448036
5340,4,,,,,,,,,,,,,0.0002225635230681646
5350,4,,,,,,,,,,,,,0.00022138117206518628
5360,4,,,,,,,,,,,,,0.00022020038876502558
5370,4,,,,,,,,,,,,,0.000219021207691326
5380,4,,,,,,,,,,,,,0.00021784366332088537
5390,4,,,,,,,,,,,,,0.00021666779008264775
5400,4,,,,,,,,,,,,,0.00021549362235669684
5410,4,,,,,,,,,,,,,0.00021432119447325045
5420,4,,,,,,,,,,,,,0.00021315054071165753
5430,4,,,,,,,,,,,,,0.00021198169529939488
5440,4,,,,,,,,,,,,,0.00021081469241106713
5450,4,,,,,,,,,,,,,0.00020964956616740743
5460,4,,,,,,,,,,,,,0.0002084863506342795
5470,4,,,,,,,,,,,,,0.0002073250798216824
5480,4,,,,,,,,,,,,,0.000206165787682755
5490,4,,,,,,,,,,,,,0.00020500850811278428
5500,4,,,,,,,,,,,,,0.00020385327494821363
5500,4,,,6.787931820584891,887.0770288946811,6.040173734748928,419.9659912350102,4.73128585108835,113.44133727314824,6.822627071470959,918.3945317760343,6.805331126963206,902.6466110796351,0.00020385327494821363
5510,4,,,,,,,,,,,,,0.00020270012196565393
5520,4,,,,,,,,,,,,,0.00020154908288089586
5530,4,,,,,,,,,,,,,0.00020040019134792431
5540,4,,,,,,,,,,,,,0.00019925348095793392
5550,4,,,,,,,,,,,,,0.00019810898523834735
5560,4,,,,,,,,,,,,,0.0001969667376518351
5570,4,,,,,,,,,,,,,0.00019582677159533666
5580,4,,,,,,,,,,,,,0.0001946891203990846
5590,4,,,,,,,,,,,,,0.00019355381732562963
5600,4,,,,,,,,,,,,,0.00019242089556886828
5610,4,,,,,,,,,,,,,0.00019129038825307237
5620,4,,,,,,,,,,,,,0.00019016232843192045
5630,4,,,,,,,,,,,,,0.00018903674908753135
5640,4,,,,,,,,,,,,,0.00018791368312950026
5650,4,,,,,,,,,,,,,0.00018679316339393584
5660,4,,,,,,,,,,,,,0.00018567522264250063
5670,4,,,,,,,,,,,,,0.00018455989356145312
5680,4,,,,,,,,,,,,,0.00018344720876069175
5690,4,,,,,,,,,,,,,0.00018233720077280208
5700,4,,,,,,,,,,,,,0.0001812299020521048
5710,4,,,,,,,,,,,,,0.00018012534497370778
5720,4,,,,,,,,,,,,,0.00017902356183255872
5730,4,,,,,,,,,,,,,0.0001779245848425009
5740,4,,,,,,,,,,,,,0.0001768284461353321
5750,4,,,,,,,,,,,,,0.00017573517775986436
5760,4,,,,,,,,,,,,,0.00017464481168098716
5770,4,,,,,,,,,,,,,0.000173557379778733
5780,4,,,,,,,,,,,,,0.000172472913847345
5790,4,,,,,,,,,,,,,0.00017139144559434767
5800,4,,,,,,,,,,,,,0.00017031300663961963
5810,4,,,,,,,,,,,,,0.00016923762851446894
5820,4,,,,,,,,,,,,,0.0001681653426607116
5830,4,,,,,,,,,,,,,0.0001670961804297518
5840,4,,,,,,,,,,,,,0.0001660301730816658
5850,4,,,,,,,,,,,,,0.00016496735178428727
5860,4,,,,,,,,,,,,,0.00016390774761229683
5870,4,,,,,,,,,,,,,0.00016285139154631286
5880,4,,,,,,,,,,,,,0.00016179831447198578
5890,4,,,,,,,,,,,,,0.00016074854717909535
5900,4,,,,,,,,,,,,,0.00015970212036064987
5910,4,,,,,,,,,,,,,0.00015865906461198955
5920,4,,,,,,,,,,,,,0.0001576194104298913
5930,4,,,,,,,,,,,,,0.00015658318821167732
5940,4,,,,,,,,,,,,,0.00015555042825432633
5950,4,,,,,,,,,,,,,0.0001545211607535879
5960,4,,,,,,,,,,,,,0.00015349541580309936
5970,4,,,,,,,,,,,,,0.00015247322339350582
5980,4,,,,,,,,,,,,,0.00015145461341158382
5990,4,,,,,,,,,,,,,0.00015043961563936684
6000,4,,,,,,,,,,,,,0.0001494282597532753
6000,4,,,6.514801263360447,675.0597890771384,5.592178991814033,268.3196495043135,4.930300760559387,138.42113769881905,6.598078365206417,733.6839611165318,6.528799725965573,684.5760393299674,0.0001494282597532753
6010,4,,,,,,,,,,,,,0.000148420575323248
6020,4,,,,,,,,,,,,,0.00014741659181187832
6030,4,,,,,,,,,,,,,0.0001464163385735525
6040,4,,,,,,,,,,,,,0.00014541984485359118
6050,4,,,,,,,,,,,,,0.00014442713978739466
6060,4,,,,,,,,,,,,,0.0001434382523995906
6070,4,,,,,,,,,,,,,0.00014245321160318619
6080,4,,,,,,,,,,,,,0.000141472046198722
6090,4,,,,,,,,,,,,,0.00014049478487343018
6100,4,,,,,,,,,,,,,0.00013952145620039596
6110,4,,,,,,,,,,,,,0.00013855208863772182
6120,4,,,,,,,,,,,,,0.00013758671052769552
6130,4,,,,,,,,,,,,,0.00013662535009596193
6140,4,,,,,,,,,,,,,0.00013566803545069707
6150,4,,,,,,,,,,,,,0.00013471479458178657
6160,4,,,,,,,,,,,,,0.00013376565536000755
6170,4,,,,,,,,,,,,,0.00013282064553621323
6180,4,,,,,,,,,,,,,0.00013187979274052213
6190,4,,,,,,,,,,,,,0.00013094312448150983
6200,4,,,,,,,,,,,,,0.00013001066814540455
6210,4,,,,,,,,,,,,,0.000129082450995287
6220,4,,,,,,,,,,,,,0.00012815850017029268
6230,4,,,,,,,,,,,,,0.00012723884268481874
6240,4,,,,,,,,,,,,,0.00012632350542773408
6250,5,,,,,,,,,,,,,0.00012541251516159295
6260,5,,,,,,,,,,,,,0.0001245058985218529
6270,5,,,,,,,,,,,,,0.00012360368201609542
6280,5,,,,,,,,,,,,,0.0001227058920232515
6290,5,,,,,,,,,,,,,0.00012181255479283006
6300,5,,,,,,,,,,,,,0.0001209236964441505
6310,5,,,,,,,,,,,,,0.00012003934296557904
6320,5,,,,,,,,,,,,,0.00011915952021376898
6330,5,,,,,,,,,,,,,0.0001182842539129044
6340,5,,,,,,,,,,,,,0.00011741356965394849
6350,5,,,,,,,,,,,,,0.00011654749289389496
6360,5,,,,,,,,,,,,,0.00011568604895502373
6370,5,,,,,,,,,,,,,0.00011482926302416099
6380,5,,,,,,,,,,,,,0.00011397716015194213
6390,5,,,,,,,,,,,,,0.00011312976525207995
6400,5,,,,,,,,,,,,,0.00011228710310063583
6410,5,,,,,,,,,,,,,0.00011144919833529535
6420,5,,,,,,,,,,,,,0.00011061607545464827
6430,5,,,,,,,,,,,,,0.00010978775881747164
6440,5,,,,,,,,,,,,,0.00010896427264201835
6450,5,,,,,,,,,,,,,0.00010814564100530854
6460,5,,,,,,,,,,,,,0.00010733188784242559
6470,5,,,,,,,,,,,,,0.00010652303694581668
6480,5,,,,,,,,,,,,,0.00010571911196459674
6490,5,,,,,,,,,,,,,0.0001049201364038574
6500,5,,,,,,,,,,,,,0.00010412613362397933
6500,5,,,6.879289365000672,971.9354229903613,5.998503037906429,402.8253276768388,5.102950894119218,164.5066334175604,6.929030844188472,1021.503503680316,6.888967121173354,981.3872394466842,0.00010412613362397933
6510,5,,,,,,,,,,,,,0.0001033371268399496
6520,5,,,,,,,,,,,,,0.00010255313912068281
6530,5,,,,,,,,,,,,,0.00010177419338834647
6540,5,,,,,,,,,,,,,0.00010100031241769079
6550,5,,,,,,,,,,,,,0.0001002315188353831
6560,5,,,,,,,,,,,,,9.946783511934602e-05
6570,5,,,,,,,,,,,,,9.870928359810032e-05
6580,5,,,,,,,,,,,,,9.795588645011209e-05
6590,5,,,,,,,,,,,,,9.720766570314423e-05
6600,5,,,,,,,,,,,,,9.646464323361266e-05
6610,5,,,,,,,,,,,,,9.572684076594617e-05
6620,5,,,,,,,,,,,,,9.499427987195186e-05
6630,5,,,,,,,,,,,,,9.426698197018404e-05
6640,5,,,,,,,,,,,,,9.354496832531794e-05
6650,5,,,,,,,,,,,,,9.282826004752851e-05
6660,5,,,,,,,,,,,,,9.211687809187238e-05
6670,5,,,,,,,,,,,,,9.14108432576758e-05
6680,5,,,,,,,,,,,,,9.071017618792649e-05
6690,5,,,,,,,,,,,,,9.001489736866968e-05
6700,5,,,,,,,,,,,,,8.932502712840953e-05
6710,5,,,,,,,,,,,,,8.864058563751456e-05
6720,5,,,,,,,,,,,,,8.796159290762784e-05
6730,5,,,,,,,,,,,,,8.728806879108239e-05
6740,5,,,,,,,,,,,,,8.662003298032001e-05
6750,5,,,,,,,,,,,,,8.595750500731592e-05
6760,5,,,,,,,,,,,,,8.530050424300785e-05
6770,5,,,,,,,,,,,,,8.46490498967292e-05
6780,5,,,,,,,,,,,,,8.400316101564789e-05
6790,5,,,,,,,,,,,,,8.336285648420916e-05
6800,5,,,,,,,,,,,,,8.272815502358339e-05
6810,5,,,,,,,,,,,,,8.209907519111904e-05
6820,5,,,,,,,,,,,,,8.147563537979962e-05
6830,5,,,,,,,,,,,,,8.08578538177064e-05
6840,5,,,,,,,,,,,,,8.024574856748517e-05
6850,5,,,,,,,,,,,,,7.963933752581813e-05
6860,5,,,,,,,,,,,,,7.903863842290077e-05
6870,5,,,,,,,,,,,,,7.844366882192331e-05
6880,5,,,,,,,,,,,,,7.785444611855717e-05
6890,5,,,,,,,,,,,,,7.727098754044682e-05
6900,5,,,,,,,,,,,,,7.669331014670539e-05
6910,5,,,,,,,,,,,,,7.612143082741626e-05
6920,5,,,,,,,,,,,,,7.555536630313934e-05
6930,5,,,,,,,,,,,,,7.499513312442186e-05
6940,5,,,,,,,,,,,,,7.444074767131487e-05
6950,5,,,,,,,,,,,,,7.389222615289394e-05
6960,5,,,,,,,,,,,,,7.334958460678547e-05
6970,5,,,,,,,,,,,,,7.281283889869773e-05
6980,5,,,,,,,,,,,,,7.228200472195689e-05
6990,5,,,,,,,,,,,,,7.175709759704829e-05
7000,5,,,,,,,,,,,,,7.123813287116283e-05
7000,5,,,7.373052433099736,1592.4873327534474,5.700813724415163,299.11069564210715,5.597289174986489,269.69432148334636,7.399219287655437,1634.7076952020714,7.400884641623921,1637.4323302607818,7.123813287116283e-05
7010,5,,,,,,,,,,,,,7.072512571774765e-05
7020,5,,,,,,,,,,,,,7.021809113606328e-05
7030,5,,,,,,,,,,,,,6.97170439507444e-05
7040,5,,,,,,,,,,,,,6.922199881136682e-05
7050,5,,,,,,,,,,,,,6.87329701920191e-05
7060,5,,,,,,,,,,,,,6.82499723908791e-05
7070,5,,,,,,,,,,,,,6.777301952979636e-05
7080,5,,,,,,,,,,,,,6.730212555387878e-05
7090,5,,,,,,,,,,,,,6.68373042310851e-05
7100,5,,,,,,,,,,,,,6.637856915182237e-05
7110,5,,,,,,,,,,,,,6.592593372854867e-05
7120,5,,,,,,,,,,,,,6.547941119538062e-05
7130,5,,,,,,,,,,,,,6.503901460770683e-05
7140,5,,,,,,,,,,,,,6.460475684180598e-05
7150,5,,,,,,,,,,,,,6.417665059447043e-05
7160,5,,,,,,,,,,,,,6.375470838263487e-05
7170,5,,,,,,,,,,,,,6.333894254301051e-05
7180,5,,,,,,,,,,,,,6.292936523172432e-05
7190,5,,,,,,,,,,,,,6.252598842396349e-05
7200,5,,,,,,,,,,,,,6.212882391362554e-05
7210,5,,,,,,,,,,,,,6.173788331297319e-05
7220,5,,,,,,,,,,,,,6.135317805229518e-05
7230,5,,,,,,,,,,,,,6.097471937957184e-05
7240,5,,,,,,,,,,,,,6.060251836014618e-05
7250,5,,,,,,,,,,,,,6.023658587640064e-05
7260,5,,,,,,,,,,,,,5.987693262743859e-05
7270,5,,,,,,,,,,,,,5.952356912877172e-05
7280,5,,,,,,,,,,,,,5.9176505712012553e-05
7290,5,,,,,,,,,,,,,5.883575252457226e-05
7300,5,,,,,,,,,,,,,5.8501319529364164e-05
7310,5,,,,,,,,,,,,,5.8173216504512276e-05
7320,5,,,,,,,,,,,,,5.785145304306541e-05
7330,5,,,,,,,,,,,,,5.753603855271683e-05
7340,5,,,,,,,,,,,,,5.722698225552913e-05
7350,5,,,,,,,,,,,,,5.692429318766444e-05
7360,5,,,,,,,,,,,,,5.66279801991206e-05
7370,5,,,,,,,,,,,,,5.633805195347192e-05
7380,5,,,,,,,,,,,,,5.605451692761635e-05
7390,5,,,,,,,,,,,,,5.577738341152729e-05
7400,5,,,,,,,,,,,,,5.550665950801132e-05
7410,5,,,,,,,,,,,,,5.524235313247141e-05
7420,5,,,,,,,,,,,,,5.4984472012675284e-05
7430,5,,,,,,,,,,,,,5.47330236885296e-05
7440,5,,,,,,,,,,,,,5.4488015511859515e-05
7450,5,,,,,,,,,,,,,5.4249454646193606e-05
7460,5,,,,,,,,,,,,,5.4017348066554604e-05
7470,5,,,,,,,,,,,,,5.379170255925528e-05
7480,5,,,,,,,,,,,,,5.3572524721700174e-05
7490,5,,,,,,,,,,,,,5.335982096219259e-05
7500,5,,,,,,,,,,,,,5.315359749974734e-05
7500,5,,,7.472805881047212,1759.5368166656444,5.774023416949722,321.8299874906966,5.909346524415457,368.46529364613826,7.504991662665878,1817.0901150226334,7.51233810587048,1830.488419030936,5.315359749974734e-05
7510,5,,,,,,,,,,,,,5.295386036390876e-05
7520,5,,,,,,,,,,,,,5.276061539457462e-05
7530,5,,,,,,,,,,,,,5.25738682418252e-05
7540,5,,,,,,,,,,,,,5.239362436575814e-05
7550,5,,,,,,,,,,,,,5.221988903632886e-05
7560,5,,,,,,,,,,,,,5.205266733319643e-05
7570,5,,,,,,,,,,,,,5.1891964145575086e-05
7580,5,,,,,,,,,,,,,5.1737784172091156e-05
7590,5,,,,,,,,,,,,,5.159013192064589e-05
7600,5,,,,,,,,,,,,,5.1449011708283474e-05
7610,5,,,,,,,,,,,,,5.131442766106493e-05
7620,5,,,,,,,,,,,,,5.1186383713947336e-05
7630,5,,,,,,,,,,,,,5.1064883610669027e-05
7640,5,,,,,,,,,,,,,5.094993090363981e-05
7650,5,,,,,,,,,,,,,5.084152895383737e-05
7660,5,,,,,,,,,,,,,5.073968093070889e-05
7670,5,,,,,,,,,,,,,5.064438981207834e-05
7680,5,,,,,,,,,,,,,5.055565838405953e-05
7690,5,,,,,,,,,,,,,5.04734892409745e-05
7700,5,,,,,,,,,,,,,5.0397884785277825e-05
7710,5,,,,,,,,,,,,,5.0328847227486304e-05
7720,5,,,,,,,,,,,,,5.0266378586114236e-05
7730,5,,,,,,,,,,,,,5.021048068761458e-05
7740,5,,,,,,,,,,,,,5.016115516632543e-05
7750,5,,,,,,,,,,,,,5.011840346442226e-05
7760,5,,,,,,,,,,,,,5.008222683187576e-05
7770,5,,,,,,,,,,,,,5.005262632641529e-05
7780,5,,,,,,,,,,,,,5.002960281349794e-05
7790,5,,,,,,,,,,,,,5.001315696628329e-05
7800,5,,,,,,,,,,,,,5.0003289265613635e-05
7810,5,,,,,,,,,,,,,5e-05
